{"cameraMode":{"drawMode":0,"name":"Shaded","section":"Shading Mode"},"sceneLighting":true,"audioPlay":false,"sceneViewState":{"m_AlwaysRefresh":false,"showFog":true,"showSkybox":true,"showFlares":true,"showImageEffects":true,"showParticleSystems":true,"showVisualEffectGraphs":true,"m_FxEnabled":true},"in2DMode":false,"pivot":{"x":7.471059799194336,"y":12.483503341674805,"z":2.304872512817383},"rotation":{"x":0.2560884356498718,"y":-0.060850441455841067,"z":0.01615496352314949,"w":0.9646017551422119},"size":10.426737785339356,"orthographic":false}